"mean","sd","lcl","25%","median","75%","ucl","Rhat","n.eff","overlap0","f","parm"
"beta[1]",0.393572241698272,0.0915048680361457,0.231129073855135,0.323885089062038,0.389730251947252,0.459622891839634,0.573273595759542,1.00274784503296,779,0,1,"beta[1]"
"beta[2]",0.310325607970457,0.0766500173772421,0.205043172857753,0.248564614711393,0.299526021167901,0.359342589343631,0.490010092227341,1.00021125258567,4000,0,1,"beta[2]"
"mean.p[1]",0.630952073713283,0.0894296803682251,0.425586176178413,0.574759249860468,0.64880385268668,0.704498414492409,0.745270422577468,1.00077567428201,3399,0,1,"mean.p[1]"
"mean.p[2]",0.231166695706404,0.115549043610086,0.0732237194001742,0.145654753778706,0.208761523020244,0.291953630273697,0.531847873442463,1.00557324895307,540,0,1,"mean.p[2]"
"deviance",59.9441832336187,11.6922323074293,38.906221199127,51.4964206251018,59.1290327375521,67.7913101639123,83.2385767212837,1.0026014264447,918,0,1,"deviance"
